Language,Key,Original Text,Translated Text
es,about_intro,"Vitruvian Partners is where bold ambition meets sharp execution. Known for backing transformative growth companies across Europe and beyond, Vitruvian isn’t just a private equity firm—it’s a catalyst for scale, innovation, and category leadership.","Vitruvian Partners es donde la ambición audaz se encuentra con una ejecución precisa. Conocidos por apoyar a empresas de crecimiento transformador en Europa y más allá, Vitruvian no es solo una firma de capital privado, es un catalizador para el escalado, la innovación y el liderazgo en el sector."
es,about_strategy,"Their portfolio reads like a who's-who of game-changers, and their strategy is anything but traditional—flexible capital, deep sector expertise, and a relentless drive to elevate every business they touch.","""Su portafolio parece un quién es quién de innovadores, y su estrategia es todo menos tradicional: capital flexible, amplio conocimiento del sector y un impulso incansable por elevar cada negocio con el que interactúan."""
es,about_mission,"If you’re building the future, Vitruvian is the kind of partner that doesn’t just get it—they accelerate it.","""Si estás construyendo el futuro, Vitruvian es el tipo de socio que no solo lo entiende, sino que lo acelera."""
zh,about_intro,"Vitruvian Partners is where bold ambition meets sharp execution. Known for backing transformative growth companies across Europe and beyond, Vitruvian isn’t just a private equity firm—it’s a catalyst for scale, innovation, and category leadership.",维特鲁威合伙人将大胆抱负与精准执行完美结合。作为支持欧洲及其他地区变革性增长企业的知名私募股权公司，维特鲁威不仅仅是投资者——它是规模扩张、创新及行业领导的催化剂。
zh,about_strategy,"Their portfolio reads like a who's-who of game-changers, and their strategy is anything but traditional—flexible capital, deep sector expertise, and a relentless drive to elevate every business they touch.",他们的投资组合堪比行业领军人物名录，采用的策略远非传统——灵活的资本运作、深入的行业专长，以及不断提升每一个合作企业的强大动力。
zh,about_mission,"If you’re building the future, Vitruvian is the kind of partner that doesn’t just get it—they accelerate it.",如果您在构建未来，维特鲁威是那种不仅理解您的合作伙伴——还能加速您的进程。
hi,about_intro,"Vitruvian Partners is where bold ambition meets sharp execution. Known for backing transformative growth companies across Europe and beyond, Vitruvian isn’t just a private equity firm—it’s a catalyst for scale, innovation, and category leadership.","विट्रुवियन पार्टनर्स वह स्थान है जहाँ दृढ़ संकल्प और कुशल कार्यान्वयन मिलते हैं। यूरोप और उससे आगे की परिवर्तनकारी विकास कंपनियों का समर्थन करने के लिए प्रसिद्ध, विट्रुवियन केवल एक निजी इक्विटी फर्म नहीं है—यह विकास, नवाचार और श्रेणी नेतृत्व के लिए एक प्रेरक है।"
hi,about_strategy,"Their portfolio reads like a who's-who of game-changers, and their strategy is anything but traditional—flexible capital, deep sector expertise, and a relentless drive to elevate every business they touch.","उनका पोर्टफोलियो गेम-चेंजर्स की सूची जैसा है, और उनकी रणनीति पारंपरिक से कहीं अलग है—लचीली पूंजी, गहरी क्षेत्रीय विशेषज्ञता, और हर व्यवसाय को उन्नत करने की अदम्य इच्छा।"
hi,about_mission,"If you’re building the future, Vitruvian is the kind of partner that doesn’t just get it—they accelerate it.","यदि आप भविष्य बना रहे हैं, तो विट्रुवियन वह साथी है जो न केवल समझता है—बल्कि इसे तेजी से बढ़ाता है।"
ar,about_intro,"Vitruvian Partners is where bold ambition meets sharp execution. Known for backing transformative growth companies across Europe and beyond, Vitruvian isn’t just a private equity firm—it’s a catalyst for scale, innovation, and category leadership.",فيتروفيان بارتنرز هي المكان الذي تلتقي فيه الطموحات الجريئة بالتنفيذ الدقيق. معروفة بدعم الشركات النامية التحويلية في أوروبا وما وراءها، فيتروفيان ليست مجرد شركة استثمار خاصة - بل هي عامل تحفيز للنمو، الابتكار، والريادة في القطاع.
ar,about_strategy,"Their portfolio reads like a who's-who of game-changers, and their strategy is anything but traditional—flexible capital, deep sector expertise, and a relentless drive to elevate every business they touch.",محفظتهم تشبه قائمة أبرز المبتكرين، واستراتيجيتهم بعيدة كل البعد عن التقليدية—رأس مال مرن، خبرة عميقة في القطاعات، ودافع لا يتوقف لتطوير كل عمل يتعاملون معه.
ar,about_mission,"If you’re building the future, Vitruvian is the kind of partner that doesn’t just get it—they accelerate it.",إذا كنت تبني المستقبل، فإن فيتروفيان هو النوع من الشركاء الذي لا يفهمه فحسب، بل يسرعه.
fr,about_intro,"Vitruvian Partners is where bold ambition meets sharp execution. Known for backing transformative growth companies across Europe and beyond, Vitruvian isn’t just a private equity firm—it’s a catalyst for scale, innovation, and category leadership.","Vitruvian Partners, là où l'ambition audacieuse rencontre une exécution précise. Reconnu pour soutenir les entreprises en forte croissance à travers l'Europe et au-delà, Vitruvian n'est pas seulement une société de capital-investissement, c'est un catalyseur pour l'expansion, l'innovation et le leadership sectoriel."
fr,about_strategy,"Their portfolio reads like a who's-who of game-changers, and their strategy is anything but traditional—flexible capital, deep sector expertise, and a relentless drive to elevate every business they touch.","Leur portefeuille est un véritable bottin des innovateurs, et leur stratégie est tout sauf traditionnelle : capital flexible, expertise approfondie du secteur et une volonté inébranlable d'améliorer chaque entreprise qu'ils touchent."
fr,about_mission,"If you’re building the future, Vitruvian is the kind of partner that doesn’t just get it—they accelerate it.","""Si vous construisez l'avenir, Vitruvian est le partenaire qui non seulement comprend, mais accélère votre projet."""
ru,about_intro,"Vitruvian Partners is where bold ambition meets sharp execution. Known for backing transformative growth companies across Europe and beyond, Vitruvian isn’t just a private equity firm—it’s a catalyst for scale, innovation, and category leadership.","Vitruvian Partners — там, где смелые амбиции сочетаются с точным исполнением. Известная поддержкой компаний с трансформационным ростом по всей Европе и за её пределами, Vitruvian — это не просто инвестиционная компания, это катализатор масштабирования, инноваций и лидерства в категориях."
ru,about_strategy,"Their portfolio reads like a who's-who of game-changers, and their strategy is anything but traditional—flexible capital, deep sector expertise, and a relentless drive to elevate every business they touch.","Их портфолио — как список лидеров инноваций, а стратегия далека от традиционной: гибкий капитал, глубокие знания отрасли и неутолимое стремление улучшать каждый бизнес, с которым они работают."
ru,about_mission,"If you’re building the future, Vitruvian is the kind of partner that doesn’t just get it—they accelerate it.","Если вы строите будущее, Vitruvian — это тот партнер, который не только понимает вас, но и ускоряет ваш прогресс."
pt,about_intro,"Vitruvian Partners is where bold ambition meets sharp execution. Known for backing transformative growth companies across Europe and beyond, Vitruvian isn’t just a private equity firm—it’s a catalyst for scale, innovation, and category leadership.","A Vitruvian Partners é onde a ambição audaciosa encontra a execução precisa. Conhecida por apoiar empresas de crescimento transformador na Europa e além, a Vitruvian não é apenas uma empresa de private equity — é um catalisador para escala, inovação e liderança de categoria."
pt,about_strategy,"Their portfolio reads like a who's-who of game-changers, and their strategy is anything but traditional—flexible capital, deep sector expertise, and a relentless drive to elevate every business they touch.","""O portfólio deles parece um quem é quem de inovadores, e a estratégia deles é tudo, menos tradicional — capital flexível, profundo conhecimento do setor e uma incansável determinação para elevar cada negócio com que interagem."""
pt,about_mission,"If you’re building the future, Vitruvian is the kind of partner that doesn’t just get it—they accelerate it.","Se você está construindo o futuro, a Vitruvian é o tipo de parceiro que não só entende — eles aceleram isso."
bn,about_intro,"Vitruvian Partners is where bold ambition meets sharp execution. Known for backing transformative growth companies across Europe and beyond, Vitruvian isn’t just a private equity firm—it’s a catalyst for scale, innovation, and category leadership.","""ভিট্রুভিয়ান পার্টনার্স হল সাহসী উদ্যোগ এবং তীক্ষ্ণ বাস্তবায়নের মিলনস্থল। ইউরোপ এবং তার বাইরে পরিবর্তনশীল বৃদ্ধি প্রতিষ্ঠানগুলিকে সমর্থন করার জন্য পরিচিত, ভিট্রুভিয়ান শুধু একটি প্রাইভেট ইক্যুইটি ফার্ম নয়—এটি স্কেল, উদ্ভাবন, এবং শ্রেণী নেতৃত্বের জন্য একটি উদ্দীপক।"""
bn,about_strategy,"Their portfolio reads like a who's-who of game-changers, and their strategy is anything but traditional—flexible capital, deep sector expertise, and a relentless drive to elevate every business they touch.","""তাদের পোর্টফোলিও গেম-চেঞ্জারদের তালিকার মতো, এবং তাদের কৌশল ঐতিহ্যবাহী নয়—লচকদার মূলধন, গভীর খাত বিশেষজ্ঞতা, এবং প্রতিটি ব্যবসাকে উন্নত করার অবিরাম প্রচেষ্টা।"""
bn,about_mission,"If you’re building the future, Vitruvian is the kind of partner that doesn’t just get it—they accelerate it.","""যদি আপনি ভবিষ্যত গড়ছেন, তাহলে ভিট্রুভিয়ান এমন এক পার্টনার যারা শুধু বুঝে না—তারা তা গতিশীল করে তোলে।"""
de,about_intro,"Vitruvian Partners is where bold ambition meets sharp execution. Known for backing transformative growth companies across Europe and beyond, Vitruvian isn’t just a private equity firm—it’s a catalyst for scale, innovation, and category leadership.","Vitruvian Partners ist dort, wo kühner Ehrgeiz auf präzise Ausführung trifft. Bekannt dafür, transformative Wachstumsunternehmen in ganz Europa und darüber hinaus zu unterstützen, ist Vitruvian nicht nur eine Private-Equity-Firma – es ist ein Katalysator für Skalierung, Innovation und Marktführerschaft."
de,about_strategy,"Their portfolio reads like a who's-who of game-changers, and their strategy is anything but traditional—flexible capital, deep sector expertise, and a relentless drive to elevate every business they touch.","""Ihr Portfolio liest sich wie das Who's-Who der Game-Changer, und ihre Strategie ist alles andere als traditionell – flexibles Kapital, tiefgreifendes Branchenwissen und ein unermüdlicher Antrieb, jedes beteiligte Unternehmen zu verbessern."""
de,about_mission,"If you’re building the future, Vitruvian is the kind of partner that doesn’t just get it—they accelerate it.","Wenn du die Zukunft gestaltest, ist Vitruvian der Partner, der nicht nur versteht – er beschleunigt sie."
ja,about_intro,"Vitruvian Partners is where bold ambition meets sharp execution. Known for backing transformative growth companies across Europe and beyond, Vitruvian isn’t just a private equity firm—it’s a catalyst for scale, innovation, and category leadership.",ヴィトルヴィアン・パートナーズは、大胆な野心と鋭い実行が出会う場所です。ヨーロッパおよびその他の地域で変革的成長企業を支援していることで知られており、単なるプライベートエクイティファームではなく、スケール、イノベーション、カテゴリーリーダーシップの触媒です。
ja,about_strategy,"Their portfolio reads like a who's-who of game-changers, and their strategy is anything but traditional—flexible capital, deep sector expertise, and a relentless drive to elevate every business they touch.",彼らのポートフォリオは革新者たちの名簿のようで、その戦略は従来のものとは全く異なります—柔軟な資本、深い業界知識、そして関わるすべてのビジネスを向上させるための不断の努力。
ja,about_mission,"If you’re building the future, Vitruvian is the kind of partner that doesn’t just get it—they accelerate it.",未来を築くあなたに、ヴィトルヴィアンはただ理解するだけでなく、加速させるパートナーです。
pa,about_intro,"Vitruvian Partners is where bold ambition meets sharp execution. Known for backing transformative growth companies across Europe and beyond, Vitruvian isn’t just a private equity firm—it’s a catalyst for scale, innovation, and category leadership.","ਵਿਟਰੂਵੀਅਨ ਪਾਰਟਨਰਜ਼ ਉਹ ਜਗ੍ਹਾ ਹੈ ਜਿੱਥੇ ਦਲੇਰ ਇਰਾਦੇ ਤੇਜ਼ ਅਮਲ ਨਾਲ ਮਿਲਦੇ ਹਨ। ਯੂਰਪ ਅਤੇ ਉਸ ਤੋਂ ਬਾਹਰ ਬਦਲਾਉ ਵਾਲੀਆਂ ਵਿਕਾਸ ਕੰਪਨੀਆਂ ਨੂੰ ਸਮਰਥਨ ਦੇਣ ਲਈ ਮਸ਼ਹੂਰ, ਵਿਟਰੂਵੀਅਨ ਸਿਰਫ ਇਕ ਪ੍ਰਾਈਵੇਟ ਇਕੁਇਟੀ ਫਰਮ ਨਹੀਂ ਹੈ—ਇਹ ਪੈਮਾਨੇ, ਨਵਾਚਾਰ, ਅਤੇ ਸ਼੍ਰੇਣੀ ਨੇਤ੃ਤਵ ਲਈ ਇਕ ਕੈਟਲਿਸਟ ਹੈ।"
pa,about_strategy,"Their portfolio reads like a who's-who of game-changers, and their strategy is anything but traditional—flexible capital, deep sector expertise, and a relentless drive to elevate every business they touch.","ਉਹਨਾਂ ਦੀ ਪੋਰਟਫੋਲੀਓ ਗੇਮ-ਚੇਂਜਰਾਂ ਦੀ ਸੂਚੀ ਵਾਂਗ ਹੈ, ਅਤੇ ਉਹਨਾਂ ਦੀ ਰਣਨੀਤੀ ਰਵਾਇਤੀ ਤੋਂ ਬਿਲਕੁਲ ਵੱਖਰੀ ਹੈ—ਲਚਕਦਾਰ ਪੂੰਜੀ, ਗਹਿਰੀ ਖੇਤਰੀ ਮਾਹਿਰਤਾ, ਅਤੇ ਹਰ ਕਾਰੋਬਾਰ ਨੂੰ ਉਚਾ ਚੁੱਕਣ ਦੀ ਅਥਕ ਚਾਹਤ।"
pa,about_mission,"If you’re building the future, Vitruvian is the kind of partner that doesn’t just get it—they accelerate it.","ਜੇ ਤੁਸੀਂ ਭਵਿੱਖ ਬਣਾ ਰਹੇ ਹੋ, ਤਾਂ ਵਿਟਰੂਵੀਅਨ ਉਹ ਸਾਥੀ ਹੈ ਜੋ ਨਾ ਸਿਰਫ ਸਮਝਦਾ ਹੈ—ਬਲਕਿ ਇਸਨੂੰ ਤੇਜ਼ੀ ਨਾਲ ਅੱਗੇ ਵਧਾਉਂਦਾ ਹੈ।"
jv,about_intro,"Vitruvian Partners is where bold ambition meets sharp execution. Known for backing transformative growth companies across Europe and beyond, Vitruvian isn’t just a private equity firm—it’s a catalyst for scale, innovation, and category leadership.","""Vitruvian Partners iku panggonan ambisi gedhe ketemu karo eksekusi sing cermat. Misuwur amarga ndhukung perusahaan pertumbuhan transformasional ing Eropa lan liyane, Vitruvian ora mung perusahaan ekuitas swasta—iku katalis kanggo skala, inovasi, lan kepemimpinan kategori."""
jv,about_strategy,"Their portfolio reads like a who's-who of game-changers, and their strategy is anything but traditional—flexible capital, deep sector expertise, and a relentless drive to elevate every business they touch.","""Portofolio wong-wong mau kaya daftar jenenge para pemain utama, lan strategine pancen ora tradisional—modal fleksibel, keahlian sektor mendalam, lan semangat tanpa henti kanggo ningkatake saben bisnis sing dijamah."""
jv,about_mission,"If you’re building the future, Vitruvian is the kind of partner that doesn’t just get it—they accelerate it.","Yèn sampeyan nggawé masa depan, Vitruvian iku jinis kanca sing ora mung ngerti—nanging malah nggancaraké."
ko,about_intro,"Vitruvian Partners is where bold ambition meets sharp execution. Known for backing transformative growth companies across Europe and beyond, Vitruvian isn’t just a private equity firm—it’s a catalyst for scale, innovation, and category leadership.","비트루비안 파트너스는 대담한 야망과 뛰어난 실행이 만나는 곳입니다. 유럽 및 그 외 지역에서 변혁적 성장 기업을 지원하는 것으로 알려진 비트루비안은 단순한 사모펀드 회사가 아니라 규모 확장, 혁신, 그리고 시장 리더십을 위한 촉매제입니다."
ko,about_strategy,"Their portfolio reads like a who's-who of game-changers, and their strategy is anything but traditional—flexible capital, deep sector expertise, and a relentless drive to elevate every business they touch.","그들의 포트폴리오는 게임 체인저들의 명단과 같고, 그들의 전략은 전통적이지 않습니다—유연한 자본, 깊은 분야 전문성, 그리고 접촉하는 모든 비즈니스를 향상시키려는 끊임없는 의지."
ko,about_mission,"If you’re building the future, Vitruvian is the kind of partner that doesn’t just get it—they accelerate it.",미래를 구축하는 당신에게 비트루비안은 단순히 이해하는 것을 넘어서 가속화하는 파트너입니다.
vi,about_intro,"Vitruvian Partners is where bold ambition meets sharp execution. Known for backing transformative growth companies across Europe and beyond, Vitruvian isn’t just a private equity firm—it’s a catalyst for scale, innovation, and category leadership.","Vitruvian Partners là nơi tham vọng mạnh mẽ gặp sự thực thi tinh tế. Nổi tiếng với việc hỗ trợ các công ty tăng trưởng đột phá khắp châu Âu và hơn thế nữa, Vitruvian không chỉ là một công ty tư bản tư nhân - đó là một chất xúc tác cho quy mô, đổi mới và lãnh đạo thị trường."
vi,about_strategy,"Their portfolio reads like a who's-who of game-changers, and their strategy is anything but traditional—flexible capital, deep sector expertise, and a relentless drive to elevate every business they touch.","Danh mục đầu tư của họ giống như danh sách những người làm thay đổi cuộc chơi, và chiến lược của họ thì không hề truyền thống—vốn linh hoạt, chuyên môn sâu về ngành, và quyết tâm không ngừng nâng tầm mọi doanh nghiệp mà họ tham gia."
vi,about_mission,"If you’re building the future, Vitruvian is the kind of partner that doesn’t just get it—they accelerate it.","Nếu bạn đang xây dựng tương lai, Vitruvian là đối tác không chỉ hiểu bạn – họ còn thúc đẩy bạn nhanh hơn."
te,about_intro,"Vitruvian Partners is where bold ambition meets sharp execution. Known for backing transformative growth companies across Europe and beyond, Vitruvian isn’t just a private equity firm—it’s a catalyst for scale, innovation, and category leadership.","విట్రువియన్ పార్ట్నర్స్ అనేది ధైర్యవంతమైన లక్ష్యాలు మరియు పదునైన అమలు కలుసుకునే చోటు. యూరోప్ మరియు ఇతర ప్రాంతాలలో పరిణామకారక వృద్ధి కంపెనీలకు మద్దతు ఇచ్చేదిగా పేరుపొందిన విట్రువియన్ కేవలం ఒక ప్రైవేట్ ఈక్విటీ సంస్థ మాత్రమే కాదు—ఇది స్కేల్, ఇన్నోవేషన్, మరియు వర్గం నాయకత్వం కోసం ఒక ఉత్ప్రేరకం."
te,about_strategy,"Their portfolio reads like a who's-who of game-changers, and their strategy is anything but traditional—flexible capital, deep sector expertise, and a relentless drive to elevate every business they touch.","వారి పోర్ట్‌ఫోలియో గేమ్ చేంజర్ల జాబితాలా ఉంది, మరియు వారి వ్యూహం సాంప్రదాయికం కాదు—సడలించదగిన మూలధనం, లోతైన రంగ నిపుణత, మరియు తాకిన ప్రతి వ్యాపారాన్ని ఎత్తిపెట్టే అవిరామ ప్రయత్నం."
te,about_mission,"If you’re building the future, Vitruvian is the kind of partner that doesn’t just get it—they accelerate it.","మీరు భవిష్యత్తును నిర్మిస్తున్నారా, విట్రువియన్ అనేది కేవలం అర్థం చేసుకోనే కాదు, దాన్ని వేగవంతం చేసే రకం."
mr,about_intro,"Vitruvian Partners is where bold ambition meets sharp execution. Known for backing transformative growth companies across Europe and beyond, Vitruvian isn’t just a private equity firm—it’s a catalyst for scale, innovation, and category leadership.","विट्रुवियन पार्टनर्स हे ठिकाण आहे जिथे धाडसी उद्दिष्टे आणि कुशल कार्यान्वयन एकत्र येतात. युरोप आणि त्यापलीकडे रूपांतरकारी वाढीच्या कंपन्यांना पाठिंबा देणारे, विट्रुवियन फक्त खासगी इक्विटी फर्मच नाही तर ते प्रमाण, नाविन्य आणि वर्गनेतृत्वासाठी एक प्रेरक आहे."
mr,about_strategy,"Their portfolio reads like a who's-who of game-changers, and their strategy is anything but traditional—flexible capital, deep sector expertise, and a relentless drive to elevate every business they touch.","""त्यांचे पोर्टफोलिओ हे खेळ पालटवणाऱ्यांच्या यादीसारखे आहे, आणि त्यांची रणनीती पारंपारिक नाही—लवचिक भांडवल, गहन क्षेत्रीय ज्ञान, आणि प्रत्येक व्यवसायाला उंचावण्याची अविरत धडपड."""
mr,about_mission,"If you’re building the future, Vitruvian is the kind of partner that doesn’t just get it—they accelerate it.","""भविष्य निर्माण करत असाल तर, विट्रुवियन हा असा भागीदार आहे जो फक्त समजून घेत नाही तर त्याला गती देतो."""
tr,about_intro,"Vitruvian Partners is where bold ambition meets sharp execution. Known for backing transformative growth companies across Europe and beyond, Vitruvian isn’t just a private equity firm—it’s a catalyst for scale, innovation, and category leadership.","Vitruvian Partners, cesur hedeflerin keskin uygulamayla buluştuğu yer. Avrupa ve ötesinde dönüştürücü büyüme şirketlerini desteklemesiyle tanınan Vitruvian, sadece bir özel sermaye şirketi değil—ölçeklendirme, yenilik ve kategori liderliği için bir katalizördür."
tr,about_strategy,"Their portfolio reads like a who's-who of game-changers, and their strategy is anything but traditional—flexible capital, deep sector expertise, and a relentless drive to elevate every business they touch.","Portföyleri, oyunun kurallarını değiştirenlerin kim olduğunu gösteriyor ve stratejileri geleneksel olmaktan uzak—esnek sermaye, derin sektör uzmanlığı ve dokundukları her işi yükseltme konusunda amansız bir azim."
tr,about_mission,"If you’re building the future, Vitruvian is the kind of partner that doesn’t just get it—they accelerate it.","Geleceği inşa ediyorsanız, Vitruvian sadece anlamakla kalmaz, hızlandırır."
ta,about_intro,"Vitruvian Partners is where bold ambition meets sharp execution. Known for backing transformative growth companies across Europe and beyond, Vitruvian isn’t just a private equity firm—it’s a catalyst for scale, innovation, and category leadership.","விட்ருவியன் பார்ட்னர்ஸ் என்பது தைரியமான லட்சியம் கூர்மையான செயல்பாட்டுடன் சந்திக்கும் இடம். ஐரோப்பாவிலும் அப்பாலும் மாற்றும் வளர்ச்சி நிறுவனங்களுக்கு ஆதரவளிப்பதில் புகழ்பெற்றது, விட்ருவியன் வெறும் தனியார் முதலீட்டு நிறுவனம் மட்டுமல்ல—அது அளவில் விரிவாக்கம், புதுமை, மற்றும் வகை தலைமைக்கான ஒரு தூண்டுகோல்."
ta,about_strategy,"Their portfolio reads like a who's-who of game-changers, and their strategy is anything but traditional—flexible capital, deep sector expertise, and a relentless drive to elevate every business they touch.","அவர்களின் போர்ட்போலியோ முக்கிய மாற்றங்களை உருவாக்கும் நபர்களின் பட்டியல் போல உள்ளது, மேலும் அவர்களின் உத்திகள் பாரம்பரியமல்ல—நெகிழ்வான மூலதனம், ஆழமான துறை அறிவு, மற்றும் தொடர்ச்சியாக ஒவ்வொரு வணிகத்தையும் உயர்த்தும் உந்துதல்."
ta,about_mission,"If you’re building the future, Vitruvian is the kind of partner that doesn’t just get it—they accelerate it.","நீங்கள் எதிர்காலத்தை உருவாக்கும்போது, விட்ருவியன் அதை மட்டும் புரிந்துகொள்வதில்லை, அதை வேகப்படுத்தும் வகையான பங்காளி."
ur,about_intro,"Vitruvian Partners is where bold ambition meets sharp execution. Known for backing transformative growth companies across Europe and beyond, Vitruvian isn’t just a private equity firm—it’s a catalyst for scale, innovation, and category leadership.",وٹرووین پارٹنرز وہ جگہ ہے جہاں جرات مندانہ عزائم کی ملاقات تیز تر عملدرآمد سے ہوتی ہے۔ یورپ اور اس سے آگے کی تبدیلی پذیر ترقی کمپنیوں کی حمایت کے لیے مشہور، وٹرووین صرف ایک نجی ایکویٹی فرم نہیں—یہ پیمانے، جدت، اور شعبے کی قیادت کے لیے ایک محرک ہے۔
ur,about_strategy,"Their portfolio reads like a who's-who of game-changers, and their strategy is anything but traditional—flexible capital, deep sector expertise, and a relentless drive to elevate every business they touch.",ان کا پورٹ فولیو گیم چینجرز کی فہرست جیسا ہے، اور ان کی حکمت عملی روایتی نہیں بلکہ لچکدار سرمایہ، گہری شعبہ جاتی مہارت، اور ہر کاروبار کو بلند کرنے کی بے لوث کوشش پر مبنی ہے۔
ur,about_mission,"If you’re building the future, Vitruvian is the kind of partner that doesn’t just get it—they accelerate it.",اگر آپ مستقبل تعمیر کر رہے ہیں، تو ویٹرووین وہ ساتھی ہے جو نہ صرف اسے سمجھتا ہے بلکہ تیزی سے بڑھاوا بھی دیتا ہے۔
it,about_intro,"Vitruvian Partners is where bold ambition meets sharp execution. Known for backing transformative growth companies across Europe and beyond, Vitruvian isn’t just a private equity firm—it’s a catalyst for scale, innovation, and category leadership.","Vitruvian Partners è il punto d'incontro tra ambizione audace e esecuzione precisa. Nota per il sostegno a imprese in rapida crescita in Europa e oltre, Vitruvian non è solo una società di private equity: è un catalizzatore di scala, innovazione e leadership di settore."
it,about_strategy,"Their portfolio reads like a who's-who of game-changers, and their strategy is anything but traditional—flexible capital, deep sector expertise, and a relentless drive to elevate every business they touch.","""Il loro portfolio sembra un elenco dei più grandi innovatori, e la loro strategia è tutt'altro che tradizionale: capitale flessibile, profonda competenza settoriale e un impegno costante per valorizzare ogni azienda con cui entrano in contatto."""
it,about_mission,"If you’re building the future, Vitruvian is the kind of partner that doesn’t just get it—they accelerate it.","""Se stai costruendo il futuro, Vitruvian è il tipo di partner che non solo capisce, ma accelera il processo."""
fa,about_intro,"Vitruvian Partners is where bold ambition meets sharp execution. Known for backing transformative growth companies across Europe and beyond, Vitruvian isn’t just a private equity firm—it’s a catalyst for scale, innovation, and category leadership.",Vitruvian Partners جایی است که جاه‌طلبی جسور با اجرای دقیق همراه می‌شود. شناخته شده برای حمایت از شرکت‌های در حال رشد و تحول‌آفرین در سراسر اروپا و فراتر از آن، Vitruvian تنها یک شرکت سرمایه‌گذاری خصوصی نیست—بلکه محرکی برای مقیاس‌بندی، نوآوری و رهبری در دسته‌بندی است.
fa,about_strategy,"Their portfolio reads like a who's-who of game-changers, and their strategy is anything but traditional—flexible capital, deep sector expertise, and a relentless drive to elevate every business they touch.","""پورتفولیوی آن‌ها مانند فهرستی از افراد تأثیرگذار است و استراتژی‌شان هرچیزی جز سنتی است—سرمایه انعطاف‌پذیر، تخصص عمیق در بخش‌ها، و تلاش بی‌وقفه برای ارتقاء هر کسب‌وکاری که با آن درگیر می‌شوند."""
fa,about_mission,"If you’re building the future, Vitruvian is the kind of partner that doesn’t just get it—they accelerate it.",اگر در حال ساخت آینده هستید، ویتروویان نوعی شریک است که نه تنها آن را درک می‌کند، بلکه سرعت می‌بخشد.
pl,about_intro,"Vitruvian Partners is where bold ambition meets sharp execution. Known for backing transformative growth companies across Europe and beyond, Vitruvian isn’t just a private equity firm—it’s a catalyst for scale, innovation, and category leadership.","Vitruvian Partners to miejsce, gdzie śmiałe ambicje spotykają się z precyzyjnym wykonaniem. Znani z wspierania firm o transformacyjnym potencjale wzrostu w Europie i nie tylko, Vitruvian to nie tylko firma private equity – to katalizator skali, innowacji i liderowania w kategorii."
pl,about_strategy,"Their portfolio reads like a who's-who of game-changers, and their strategy is anything but traditional—flexible capital, deep sector expertise, and a relentless drive to elevate every business they touch.","Ich portfolio przypomina listę wybitnych innowatorów, a ich strategia jest wszystko, tylko nie tradycyjna — elastyczny kapitał, głęboka wiedza branżowa i nieustająca determinacja, by podnosić wartość każdej firmy, z którą współpracują."
pl,about_mission,"If you’re building the future, Vitruvian is the kind of partner that doesn’t just get it—they accelerate it.","Jeśli budujesz przyszłość, Vitruvian to partner, który nie tylko to rozumie – on to przyspiesza."
ro,about_intro,"Vitruvian Partners is where bold ambition meets sharp execution. Known for backing transformative growth companies across Europe and beyond, Vitruvian isn’t just a private equity firm—it’s a catalyst for scale, innovation, and category leadership.","Vitruvian Partners este locul unde ambiția îndrăzneață întâlnește execuția precisă. Recunoscut pentru susținerea companiilor cu creștere transformativă din Europa și nu numai, Vitruvian nu este doar o firmă de capital privat - este un catalizator pentru scalare, inovație și lider de categorie."
ro,about_strategy,"Their portfolio reads like a who's-who of game-changers, and their strategy is anything but traditional—flexible capital, deep sector expertise, and a relentless drive to elevate every business they touch.","Portofoliul lor este un adevărat catalog al inovatorilor, iar strategia lor este departe de a fi tradițională—capital flexibil, expertiză aprofundată în sector și o determinare neîncetată de a îmbunătăți fiecare afacere cu care interacționează."
ro,about_mission,"If you’re building the future, Vitruvian is the kind of partner that doesn’t just get it—they accelerate it.","""Dacă construiești viitorul, Vitruvian este tipul de partener care nu doar că înțelege – el accelerează procesul."""
nl,about_intro,"Vitruvian Partners is where bold ambition meets sharp execution. Known for backing transformative growth companies across Europe and beyond, Vitruvian isn’t just a private equity firm—it’s a catalyst for scale, innovation, and category leadership.","Vitruvian Partners is waar gedurfde ambitie samengaat met scherpe uitvoering. Bekend om het ondersteunen van transformatieve groeibedrijven in heel Europa en daarbuiten, is Vitruvian niet zomaar een private equity firma - het is een katalysator voor schaalvergroting, innovatie en marktleiderschap."
nl,about_strategy,"Their portfolio reads like a who's-who of game-changers, and their strategy is anything but traditional—flexible capital, deep sector expertise, and a relentless drive to elevate every business they touch.","""Hun portfolio lijkt op een wie-is-wie van game-changers, en hun strategie is allesbehalve traditioneel—flexibel kapitaal, diepgaande sectorkennis en een onophoudelijke drang om elk bedrijf dat ze aanraken te verbeteren."""
nl,about_mission,"If you’re building the future, Vitruvian is the kind of partner that doesn’t just get it—they accelerate it.","""Als je aan de toekomst bouwt, is Vitruvian de partner die het niet alleen begrijpt, maar ook versnelt."""
th,about_intro,"Vitruvian Partners is where bold ambition meets sharp execution. Known for backing transformative growth companies across Europe and beyond, Vitruvian isn’t just a private equity firm—it’s a catalyst for scale, innovation, and category leadership.",Vitruvian Partners คือที่ที่ความทะเยอทะยานกล้าหาญพบกับการดำเนินการอย่างชาญฉลาด โด่งดังในการสนับสนุนบริษัทที่เติบโตอย่างก้าวกระโดดทั่วยุโรปและอื่นๆ Vitruvian ไม่ได้เป็นเพียงบริษัทเอกชน แต่เป็นตัวเร่งการขยายขนาด นวัตกรรม และการเป็นผู้นำในหมวดหมู่
th,about_strategy,"Their portfolio reads like a who's-who of game-changers, and their strategy is anything but traditional—flexible capital, deep sector expertise, and a relentless drive to elevate every business they touch.",พอร์ตโฟลิโอของพวกเขาเหมือนกับรายชื่อผู้เปลี่ยนเกม และกลยุทธ์ของพวกเขาไม่เหมือนใคร—ทุนที่ยืดหยุ่น ความเชี่ยวชาญในภาคส่วนอย่างลึกซึ้ง และความมุ่งมั่นที่จะยกระดับทุกธุรกิจที่พวกเขาสัมผัส
th,about_mission,"If you’re building the future, Vitruvian is the kind of partner that doesn’t just get it—they accelerate it.","""หากคุณกำลังสร้างอนาคต Vitruvian คือพาร์ทเนอร์ที่ไม่เพียงแค่เข้าใจ—แต่ยังเร่งความเป็นจริง"""
gu,about_intro,"Vitruvian Partners is where bold ambition meets sharp execution. Known for backing transformative growth companies across Europe and beyond, Vitruvian isn’t just a private equity firm—it’s a catalyst for scale, innovation, and category leadership.","""વિટ્રુવિયન પાર્ટનર્સ એ બોલ્ડ મહત્વાકાંક્ષા અને તીવ્ર અમલીકરણનું મિલન છે. યુરોપ અને તેના બહારની પરિવર્તનકારી વૃદ્ધિ કંપનીઓને સમર્થન આપવા માટે જાણીતું, વિટ્રુવિયન માત્ર ખાનગી ઇક્વિટી ફર્મ નથી—તે સ્કેલ, નવીનતા, અને શ્રેણી નેતૃત્વ માટેનું પ્રેરક છે."""
gu,about_strategy,"Their portfolio reads like a who's-who of game-changers, and their strategy is anything but traditional—flexible capital, deep sector expertise, and a relentless drive to elevate every business they touch.","""તેમનું પોર્ટફોલિયો ગેમ-ચેન્જર્સની યાદી જેવું છે, અને તેમની રણનીતિ પરંપરાગત કરતાં અલગ છે—લવચીક મૂડી, ગહન ક્ષેત્ર નિપુણતા, અને દરેક વ્યવસાયને ઉન્નત કરવાની અવિરત ડ્રાઈવ."""
gu,about_mission,"If you’re building the future, Vitruvian is the kind of partner that doesn’t just get it—they accelerate it.","""જો તમે ભવિષ્ય બનાવી રહ્યા છો, તો વિટ્રુવિયન એવો ભાગીદાર છે જે માત્ર સમજે છે નહીં, પણ તેને ઝડપી બનાવે છે."""
uk,about_intro,"Vitruvian Partners is where bold ambition meets sharp execution. Known for backing transformative growth companies across Europe and beyond, Vitruvian isn’t just a private equity firm—it’s a catalyst for scale, innovation, and category leadership.","Vitruvian Partners - місце, де сміливі амбіції зустрічаються з точним виконанням. Відома підтримкою компаній, що трансформують ріст по всій Європі та за її межами, Vitruvian не просто інвестиційна компанія, а каталізатор масштабування, інновацій та лідерства в категоріях."
uk,about_strategy,"Their portfolio reads like a who's-who of game-changers, and their strategy is anything but traditional—flexible capital, deep sector expertise, and a relentless drive to elevate every business they touch.","Їхнє портфоліо нагадує список новаторів, а стратегія далека від традиційної — гнучкий капітал, глибокі знання сектору та невгамовне прагнення піднімати кожен бізнес, до якого вони торкаються."
uk,about_mission,"If you’re building the future, Vitruvian is the kind of partner that doesn’t just get it—they accelerate it.","Якщо ви будуєте майбутнє, Vitruvian — це партнер, який не просто розуміє це, вони прискорюють його."
id,about_intro,"Vitruvian Partners is where bold ambition meets sharp execution. Known for backing transformative growth companies across Europe and beyond, Vitruvian isn’t just a private equity firm—it’s a catalyst for scale, innovation, and category leadership.","Vitruvian Partners adalah tempat ambisi besar bertemu eksekusi tajam. Dikenal mendukung perusahaan pertumbuhan transformatif di seluruh Eropa dan lebih luas, Vitruvian bukan hanya perusahaan ekuitas swasta—ini adalah katalis untuk skala, inovasi, dan kepemimpinan kategori."
id,about_strategy,"Their portfolio reads like a who's-who of game-changers, and their strategy is anything but traditional—flexible capital, deep sector expertise, and a relentless drive to elevate every business they touch.","Portofolio mereka seperti daftar tokoh pengubah permainan, dan strateginya jauh dari tradisional—modal fleksibel, keahlian sektoral mendalam, dan dorongan tak henti untuk meningkatkan setiap bisnis yang mereka sentuh."
id,about_mission,"If you’re building the future, Vitruvian is the kind of partner that doesn’t just get it—they accelerate it.","Jika Anda sedang membangun masa depan, Vitruvian adalah mitra yang tidak hanya mengerti—tetapi mempercepatnya."
el,about_intro,"Vitruvian Partners is where bold ambition meets sharp execution. Known for backing transformative growth companies across Europe and beyond, Vitruvian isn’t just a private equity firm—it’s a catalyst for scale, innovation, and category leadership.","Η Vitruvian Partners είναι εκεί όπου η τολμηρή φιλοδοξία συναντά την ακριβή εκτέλεση. Γνωστή για την υποστήριξη εταιρειών με μετασχηματιστική ανάπτυξη σε όλη την Ευρώπη και πέρα, η Vitruvian δεν είναι απλώς μια εταιρεία ιδιωτικών επενδύσεων—είναι ένας καταλύτης για κλίμακα, καινοτομία και ηγεσία στην κατηγορία."
el,about_strategy,"Their portfolio reads like a who's-who of game-changers, and their strategy is anything but traditional—flexible capital, deep sector expertise, and a relentless drive to elevate every business they touch.","""Το χαρτοφυλάκιό τους μοιάζει με κατάλογο πρωτοπόρων, και η στρατηγική τους είναι οτιδήποτε άλλο παρά παραδοσιακή—ευέλικτο κεφάλαιο, βαθιά εξειδίκευση στον κλάδο, και ακατάπαυστη διάθεση για ανάδειξη κάθε επιχείρησης με την οποία ασχολούνται."""
el,about_mission,"If you’re building the future, Vitruvian is the kind of partner that doesn’t just get it—they accelerate it.","Αν χτίζετε το μέλλον, η Vitruvian είναι ο είδος του συνεργάτη που δεν το καταλαβαίνει μόνο—το επιταχύνει."
sv,about_intro,"Vitruvian Partners is where bold ambition meets sharp execution. Known for backing transformative growth companies across Europe and beyond, Vitruvian isn’t just a private equity firm—it’s a catalyst for scale, innovation, and category leadership.","Vitruvian Partners är där djärv ambition möter skarp genomförande. Kända för att stödja transformativa tillväxtföretag i Europa och vidare, är Vitruvian inte bara ett riskkapitalbolag – det är en katalysator för skalning, innovation och ledarskap inom kategorin."
sv,about_strategy,"Their portfolio reads like a who's-who of game-changers, and their strategy is anything but traditional—flexible capital, deep sector expertise, and a relentless drive to elevate every business they touch.","Deras portfölj liknar ett register över banbrytare, och deras strategi är allt annat än traditionell—flexibelt kapital, djup branschkunskap och en outtröttlig strävan att lyfta varje företag de engagerar sig i."
sv,about_mission,"If you’re building the future, Vitruvian is the kind of partner that doesn’t just get it—they accelerate it.","""Om du bygger framtiden är Vitruvian partnern som inte bara förstår – de påskyndar den."""
hu,about_intro,"Vitruvian Partners is where bold ambition meets sharp execution. Known for backing transformative growth companies across Europe and beyond, Vitruvian isn’t just a private equity firm—it’s a catalyst for scale, innovation, and category leadership.","A Vitruvian Partners az a hely, ahol a merész ambíciók éles kivitelezéssel találkoznak. Európában és azon túl is átalakuló növekedési vállalatokat támogatóként ismert, a Vitruvian nem csupán egy magántőke-alap – ez a növekedés, az innováció és a piacvezetés katalizátora."
hu,about_strategy,"Their portfolio reads like a who's-who of game-changers, and their strategy is anything but traditional—flexible capital, deep sector expertise, and a relentless drive to elevate every business they touch.","""Portfóliójuk olyan, mint a játékmegváltoztatók névsora, stratégiájuk pedig mindent, csak nem hagyományos – rugalmas tőke, mély ágazati szakértelem és eltökélt hajlam minden általuk érintett vállalkozás fejlesztésére."""
hu,about_mission,"If you’re building the future, Vitruvian is the kind of partner that doesn’t just get it—they accelerate it.","Ha a jövőt építed, a Vitruvian az a fajta partner, aki nem csak megérti – fel is gyorsítja."
cs,about_intro,"Vitruvian Partners is where bold ambition meets sharp execution. Known for backing transformative growth companies across Europe and beyond, Vitruvian isn’t just a private equity firm—it’s a catalyst for scale, innovation, and category leadership.","Vitruvian Partners je místo, kde se odvážné ambice snoubí s precizním provedením. Známí podporou transformačních růstových společností v Evropě a dále, Vitruvian není jen investiční společností – je katalyzátorem pro rozšiřování, inovace a vedení v oboru."
cs,about_strategy,"Their portfolio reads like a who's-who of game-changers, and their strategy is anything but traditional—flexible capital, deep sector expertise, and a relentless drive to elevate every business they touch.","Jejich portfolio připomíná seznam klíčových hráčů a jejich strategie je všechno, jen ne tradiční—flexibilní kapitál, hluboké znalosti odvětví a neúnavná snaha posunout každý podnik, kterého se dotknou, na vyšší úroveň."
cs,about_mission,"If you’re building the future, Vitruvian is the kind of partner that doesn’t just get it—they accelerate it.","Pokud budujete budoucnost, Vitruvian je typ partnera, který to nejen chápe – on to urychluje."
fi,about_intro,"Vitruvian Partners is where bold ambition meets sharp execution. Known for backing transformative growth companies across Europe and beyond, Vitruvian isn’t just a private equity firm—it’s a catalyst for scale, innovation, and category leadership.","Vitruvian Partners on paikka, jossa rohkea kunnianhimo kohtaa terävän toteutuksen. Tunnettu tukemasta muuntautuvia kasvuyrityksiä Euroopassa ja muualla, Vitruvian ei ole vain yksityinen pääomasijoitusyhtiö – se on katalysaattori kasvulle, innovaatiolle ja alansa johtajuudelle."
fi,about_strategy,"Their portfolio reads like a who's-who of game-changers, and their strategy is anything but traditional—flexible capital, deep sector expertise, and a relentless drive to elevate every business they touch.","Heidän portfoliosa on kuin kuka kukin on pelinmuuttajista, ja heidän strategiansa on kaikkea muuta kuin perinteinen—joustava pääoma, syvällinen toimialaosaaminen ja sinnikäs pyrkimys parantaa jokaista koskettamaansa liiketoimintaa."
fi,about_mission,"If you’re building the future, Vitruvian is the kind of partner that doesn’t just get it—they accelerate it.","Jos rakennat tulevaisuutta, Vitruvian ei vain ymmärrä sitä – he vauhdittavat sitä."
he,about_intro,"Vitruvian Partners is where bold ambition meets sharp execution. Known for backing transformative growth companies across Europe and beyond, Vitruvian isn’t just a private equity firm—it’s a catalyst for scale, innovation, and category leadership.","Vitruvian Partners היא המפגש בין שאיפה נועזת לביצוע חד. הידועה בתמיכתה בחברות צומחות מהפכניות ברחבי אירופה ומעבר לה, Vitruvian אינה רק חברת הון פרטי – היא זרז לקנה מידה, חדשנות ומנהיגות בתחום."
he,about_strategy,"Their portfolio reads like a who's-who of game-changers, and their strategy is anything but traditional—flexible capital, deep sector expertise, and a relentless drive to elevate every business they touch.","תיק ההשקעות שלהם נראה כמו מדריך למשני משחקים, והאסטרטגיה שלהם היא הכל חוץ ממסורתית - הון גמיש, ידע עמוק בתחום ודחף בלתי פוסק לשדרג כל עסק שהם נוגעים בו."
he,about_mission,"If you’re building the future, Vitruvian is the kind of partner that doesn’t just get it—they accelerate it.","אם אתה בונה את העתיד, ויטרוביאן היא השותפה שלא רק מבינה אותו – היא מאיצה אותו."
no,about_intro,"Vitruvian Partners is where bold ambition meets sharp execution. Known for backing transformative growth companies across Europe and beyond, Vitruvian isn’t just a private equity firm—it’s a catalyst for scale, innovation, and category leadership.","Vitruvian Partners er der dristig ambisjon møter skarp utførelse. Kjent for å støtte transformative vekstselskaper over hele Europa og videre, er ikke Vitruvian bare et private equity-firma – det er en katalysator for skalering, innovasjon og lederskap i kategorien."
no,about_strategy,"Their portfolio reads like a who's-who of game-changers, and their strategy is anything but traditional—flexible capital, deep sector expertise, and a relentless drive to elevate every business they touch.","""Porteføljen deres er som en hvem-er-hvem av banebrytere, og strategien deres er alt annet enn tradisjonell—fleksibel kapital, dyp bransjekunnskap og en ustoppelig drivkraft for å løfte hver virksomhet de berører."""
no,about_mission,"If you’re building the future, Vitruvian is the kind of partner that doesn’t just get it—they accelerate it.","Hvis du bygger fremtiden, er Vitruvian typen partner som ikke bare forstår det – de akselererer det."
da,about_intro,"Vitruvian Partners is where bold ambition meets sharp execution. Known for backing transformative growth companies across Europe and beyond, Vitruvian isn’t just a private equity firm—it’s a catalyst for scale, innovation, and category leadership.","Vitruvian Partners er stedet, hvor dristig ambition møder skarp eksekvering. Kendt for at støtte transformative vækstvirksomheder i Europa og videre, er Vitruvian ikke bare et kapitalfondsselskab – det er en katalysator for skala, innovation og kategoriledelse."
da,about_strategy,"Their portfolio reads like a who's-who of game-changers, and their strategy is anything but traditional—flexible capital, deep sector expertise, and a relentless drive to elevate every business they touch.","Deres portefølje læser som en hvem-er-hvem af banebrydere, og deres strategi er alt andet end traditionel—fleksibel kapital, dyb sektorekspertise og en uophørlig stræben efter at løfte hver virksomhed, de berører."
da,about_mission,"If you’re building the future, Vitruvian is the kind of partner that doesn’t just get it—they accelerate it.","""Hvis du bygger fremtiden, er Vitruvian den type partner, der ikke bare forstår det – de fremskynder det."""
sr,about_intro,"Vitruvian Partners is where bold ambition meets sharp execution. Known for backing transformative growth companies across Europe and beyond, Vitruvian isn’t just a private equity firm—it’s a catalyst for scale, innovation, and category leadership.","Vitruvian Partners je mesto gde se hrabra ambicija susreće sa preciznom izvedbom. Poznati po podršci kompanijama koje transformišu rast širom Evrope i dalje, Vitruvian nije samo firma za privatni kapital - on je katalizator za rast, inovacije i liderstvo u kategoriji."
sr,about_strategy,"Their portfolio reads like a who's-who of game-changers, and their strategy is anything but traditional—flexible capital, deep sector expertise, and a relentless drive to elevate every business they touch.","Njihov portfolio je kao spisak ključnih inovatora, a njihova strategija je sve samo ne tradicionalna—fleksibilan kapital, duboko poznavanje sektora i neprekidna težnja da unaprede svaki posao s kojim se upuste."
sr,about_mission,"If you’re building the future, Vitruvian is the kind of partner that doesn’t just get it—they accelerate it.","""Ako gradite budućnost, Vitruvian je partner koji ne samo da razume—on je ubrzava."""
ml,about_intro,"Vitruvian Partners is where bold ambition meets sharp execution. Known for backing transformative growth companies across Europe and beyond, Vitruvian isn’t just a private equity firm—it’s a catalyst for scale, innovation, and category leadership.","വിട്രുവിയൻ പാർട്നേഴ്സ് എന്നത് ധീരമായ ആഗ്രഹങ്ങൾ കൂർത്ത നടപ്പാക്കലുമായി കൂടിച്ചേരുന്ന സ്ഥലമാണ്. യൂറോപ്പിലും അതിനപ്പുറവും പരിവർത്തനാത്മക വളർച്ചാ കമ്പനികളെ പിന്തുണയ്ക്കുന്നതിന് പ്രശസ്തമാണ് വിട്രുവിയൻ. ഇത് ഒരു സ്വകാര്യ ഇക്വിറ്റി ഫർമ്മ് മാത്രമല്ല, സ്കെയിൽ, നവീനത, വിഭാഗത്തിലെ നേതൃത്വം എന്നിവയ്ക്കുള്ള കാറ്റലിസ്റ്റാണ്."
ml,about_strategy,"Their portfolio reads like a who's-who of game-changers, and their strategy is anything but traditional—flexible capital, deep sector expertise, and a relentless drive to elevate every business they touch.","""അവരുടെ പോർട്ട്ഫോളിയോ ഗെയിം-ചേഞ്ചേഴ്സിന്റെ പട്ടികയെപ്പോലെയാണ്, അവരുടെ തന്ത്രം പാരമ്പര്യമല്ല—ലളിതമായ മൂലധനം, ആഴമേറിയ മേഖലാ വിദഗ്ധത, തൊട്ടടുത്ത ഓരോ ബിസിനസ്സിനെയും ഉയർത്തുന്ന അവിരാമമായ പ്രയത്നം."""
ml,about_mission,"If you’re building the future, Vitruvian is the kind of partner that doesn’t just get it—they accelerate it.","""നിങ്ങൾ ഭാവി നിർമ്മിക്കുകയാണെങ്കിൽ, വിട്രുവിയൻ അത് മാത്രമല്ല ഗ്രഹിക്കുന്നത്, വേഗത്തിലാക്കുന്ന പങ്കാളിയാണ്."""
bg,about_intro,"Vitruvian Partners is where bold ambition meets sharp execution. Known for backing transformative growth companies across Europe and beyond, Vitruvian isn’t just a private equity firm—it’s a catalyst for scale, innovation, and category leadership.","Vitruvian Partners е мястото, където смелата амбиция среща точното изпълнение. Известни с подкрепата на трансформиращи растежни компании в Европа и отвъд, Vitruvian не е просто частна инвестиционна компания - те са катализатор за мащабиране, иновации и лидерство в категорията."
bg,about_strategy,"Their portfolio reads like a who's-who of game-changers, and their strategy is anything but traditional—flexible capital, deep sector expertise, and a relentless drive to elevate every business they touch.","Техният портфолио прилича на списък с иноватори, а стратегията им е всичко друго, но не и традиционна—гъвкав капитал, задълбочени познания в сектора и неуморно стремеж да подобряват всеки бизнес, с който се занимават."
bg,about_mission,"If you’re building the future, Vitruvian is the kind of partner that doesn’t just get it—they accelerate it.","Ако изграждате бъдещето, Vitruvian е партньорът, който не само го разбира - те го ускоряват."
sk,about_intro,"Vitruvian Partners is where bold ambition meets sharp execution. Known for backing transformative growth companies across Europe and beyond, Vitruvian isn’t just a private equity firm—it’s a catalyst for scale, innovation, and category leadership.","Vitruvian Partners je miesto, kde sa odvážne ambície stretávajú s precíznym vykonaním. Známi podporou transformačných rastových spoločností po celej Európe a ďalej, Vitruvian nie je len súkromná investičná spoločnosť – je to katalyzátor pre rast, inovácie a vedúce postavenie v kategórii."
sk,about_strategy,"Their portfolio reads like a who's-who of game-changers, and their strategy is anything but traditional—flexible capital, deep sector expertise, and a relentless drive to elevate every business they touch.","Ich portfólio pripomína zoznam priekopníkov a ich stratégia je všetko iné ako tradičná—flexibilný kapitál, hlboké odborné znalosti v sektore a neúnavná snaha zlepšovať každú firmu, s ktorou spolupracujú."
sk,about_mission,"If you’re building the future, Vitruvian is the kind of partner that doesn’t just get it—they accelerate it.","""Ak budujete budúcnosť, Vitruvian je typ partnera, ktorý to nielen chápe – on to urýchľuje."""
sl,about_intro,"Vitruvian Partners is where bold ambition meets sharp execution. Known for backing transformative growth companies across Europe and beyond, Vitruvian isn’t just a private equity firm—it’s a catalyst for scale, innovation, and category leadership.","Vitruvian Partners je kraj, kjer se drzna ambicija sreča z natančno izvedbo. Poznani po podpori podjetjem z transformacijsko rastjo po Evropi in širše, Vitruvian ni zgolj zasebni investicijski sklad – je katalizator za rast, inovacije in vodilni položaj v kategoriji."
sl,about_strategy,"Their portfolio reads like a who's-who of game-changers, and their strategy is anything but traditional—flexible capital, deep sector expertise, and a relentless drive to elevate every business they touch.","Njihov portfelj je kot seznam vplivnežev, njihova strategija pa je vse prej kot tradicionalna—prilagodljiv kapital, poglobljeno poznavanje sektorja in neomajna želja po izboljšanju vsakega podjetja, s katerim sodelujejo."
sl,about_mission,"If you’re building the future, Vitruvian is the kind of partner that doesn’t just get it—they accelerate it.","""Če gradite prihodnost, je Vitruvian partner, ki ne samo, da razume—ampak jo pospešuje."""
lt,about_intro,"Vitruvian Partners is where bold ambition meets sharp execution. Known for backing transformative growth companies across Europe and beyond, Vitruvian isn’t just a private equity firm—it’s a catalyst for scale, innovation, and category leadership.","„Vitruvian Partners“ – tai vieta, kur drąsūs siekiai susitinka su aštriu įgyvendinimu. Žinoma dėl paramos transformaciniams augimo įmonėms Europoje ir už jos ribų, „Vitruvian“ nėra tik privataus kapitalo įmonė – tai katalizatorius mastui, inovacijoms ir kategorijų lyderystei."
lt,about_strategy,"Their portfolio reads like a who's-who of game-changers, and their strategy is anything but traditional—flexible capital, deep sector expertise, and a relentless drive to elevate every business they touch.","Jų portfelis primena žinomų naujovių kūrėjų sąrašą, o jų strategija visiškai netradicinė—lankstus kapitalas, gilus sektoriaus išmanymas ir nepaliaujamas siekis pakelti kiekvieną įmonę, su kuria dirba."
lt,about_mission,"If you’re building the future, Vitruvian is the kind of partner that doesn’t just get it—they accelerate it.","""Jei kuriate ateitį, „Vitruvian“ yra partneris, kuris ne tik supranta – jis ją pagreitina."""
lv,about_intro,"Vitruvian Partners is where bold ambition meets sharp execution. Known for backing transformative growth companies across Europe and beyond, Vitruvian isn’t just a private equity firm—it’s a catalyst for scale, innovation, and category leadership.","Vitruvian Partners ir vieta, kur lielās ambīcijas sastopas ar precīzu izpildi. Pazīstami ar atbalstu transformējošām izaugsmes kompānijām visā Eiropā un tālāk, Vitruvian nav tikai privātā kapitāla firma – tā ir katalizators mēroga palielināšanai, inovācijām un nozares līderībai."
lv,about_strategy,"Their portfolio reads like a who's-who of game-changers, and their strategy is anything but traditional—flexible capital, deep sector expertise, and a relentless drive to elevate every business they touch.","Viņu portfelis ir kā spēles mainītāju saraksts, un viņu stratēģija ir viss, izņemot tradicionāla — elastīgs kapitāls, dziļas nozares zināšanas un nepārtraukta vēlme uzlabot katru uzņēmumu, ar kuru tie darbojas."
lv,about_mission,"If you’re building the future, Vitruvian is the kind of partner that doesn’t just get it—they accelerate it.","""Ja veidojat nākotni, Vitruvian ir partneris, kas ne tikai to saprot – viņi to paātrina."""
et,about_intro,"Vitruvian Partners is where bold ambition meets sharp execution. Known for backing transformative growth companies across Europe and beyond, Vitruvian isn’t just a private equity firm—it’s a catalyst for scale, innovation, and category leadership.","Vitruvian Partners on koht, kus julge ambitsioon kohtub terava teostusega. Tuntud kui transformeerivate kasvufirmade toetaja üle Euroopa ja kaugemal, ei ole Vitruvian lihtsalt erakapitalifirma – see on katalüsaator skaalale, innovatsioonile ja kategooria juhtimisele."
et,about_strategy,"Their portfolio reads like a who's-who of game-changers, and their strategy is anything but traditional—flexible capital, deep sector expertise, and a relentless drive to elevate every business they touch.","Nende portfell on nagu mängureeglite muutjate nimistu ja nende strateegia on kõike muud kui traditsiooniline – paindlik kapital, sügav sektoriteadmised ja pidev püüdlus tõsta iga ettevõtet, millega nad kokku puutuvad."
et,about_mission,"If you’re building the future, Vitruvian is the kind of partner that doesn’t just get it—they accelerate it.","Kui loote tulevikku, siis Vitruvian on partner, kes mitte ainult ei mõista seda – nad kiirendavad seda."
hr,about_intro,"Vitruvian Partners is where bold ambition meets sharp execution. Known for backing transformative growth companies across Europe and beyond, Vitruvian isn’t just a private equity firm—it’s a catalyst for scale, innovation, and category leadership.","Vitruvian Partners je mjesto gdje se hrabra ambicija susreće s preciznom izvedbom. Poznati po podršci tvrtkama s transformativnim rastom diljem Europe i šire, Vitruvian nije samo privatna investicijska tvrtka - on je katalizator za rast, inovacije i vodstvo u kategoriji."
hr,about_strategy,"Their portfolio reads like a who's-who of game-changers, and their strategy is anything but traditional—flexible capital, deep sector expertise, and a relentless drive to elevate every business they touch.","Njihov portfelj je popis ključnih inovatora, a njihova strategija je sve samo ne tradicionalna—fleksibilan kapital, duboko poznavanje sektora i neumorna težnja za unaprjeđenjem svakog posla s kojim se upuste."
hr,about_mission,"If you’re building the future, Vitruvian is the kind of partner that doesn’t just get it—they accelerate it.","""Ako gradite budućnost, Vitruvian je partner koji ne samo da razumije—on je ubrzava."""
kk,about_intro,"Vitruvian Partners is where bold ambition meets sharp execution. Known for backing transformative growth companies across Europe and beyond, Vitruvian isn’t just a private equity firm—it’s a catalyst for scale, innovation, and category leadership.","Vitruvian Partners - батыл мақсаттар мен зерек орындаулардың қиылысқан жері. Еуропа және одан тыс жерлерде өзгерісті қолдайтын өсу компанияларын қолдауымен танымал, Vitruvian тек жеке капитал фирмасы емес - ол өсу, инновация және салалық көшбасшылық үшін катализатор."
kk,about_strategy,"Their portfolio reads like a who's-who of game-changers, and their strategy is anything but traditional—flexible capital, deep sector expertise, and a relentless drive to elevate every business they touch.","Олардың портфолиосы ойын өзгерткіш адамдардың тізіміндей, стратегиясы дәстүрлі емес — икемді капитал, терең сала білімі және әрбір кәсіпті жетілдіруге деген үздіксіз ұмтылыс."
kk,about_mission,"If you’re building the future, Vitruvian is the kind of partner that doesn’t just get it—they accelerate it.","Егер сіз болашақты құрып жатсаңыз, Vitruvian - тек түсінетін ғана емес, жеделдететін серіктес."
hy,about_intro,"Vitruvian Partners is where bold ambition meets sharp execution. Known for backing transformative growth companies across Europe and beyond, Vitruvian isn’t just a private equity firm—it’s a catalyst for scale, innovation, and category leadership.","Vitruvian Partners-ը այն տեղն է, որտեղ համառ ձգտումը հանդիպում է սուր կատարմանը: Գիտակցված է աջակցելով վերածվածային աճի ընկերություններին ամբողջ Եվրոպայում և ավելին, Vitruvian-ը ոչ միայն մասնավոր գույքի դաշինք է, այլև չափազանցման, նորարարության և կատեգորիայի ղեկավարման առաջարկող։"
hy,about_strategy,"Their portfolio reads like a who's-who of game-changers, and their strategy is anything but traditional—flexible capital, deep sector expertise, and a relentless drive to elevate every business they touch.","Անձնակազմը կարդացեք որպես խաղափոխիչների ում-ում, իսկ նրանց ստրատեգիան ոչինչ չի նման ավանդականին՝ համարժեք կապիտալ, խորը ոլորտային գիտելիքներ և անդադար ջանքեր բարձրացնելու ամեն բիզնեսը, որին դիպչում են։"
hy,about_mission,"If you’re building the future, Vitruvian is the kind of partner that doesn’t just get it—they accelerate it.","Եթե դուք կառուցում եք ապագան, Vitruvian-ը այն տեսակետն է, որը ոչ միայն հասկանում է, այլև արագացնում է։"
az,about_intro,"Vitruvian Partners is where bold ambition meets sharp execution. Known for backing transformative growth companies across Europe and beyond, Vitruvian isn’t just a private equity firm—it’s a catalyst for scale, innovation, and category leadership.","Vitruvian Partners cəsarətli hədəflərin kəskin icrası ilə qarşılaşdığı yerdır. Avropada və daha ötəsində transformasiya yaradan şirkətləri dəstəkləməklə tanınan Vitruvian yalnız bir xüsusi kapital şirkəti deyil - miqyaslanma, yenilik və kateqoriya liderliyi üçün bir katalizatordur."
az,about_strategy,"Their portfolio reads like a who's-who of game-changers, and their strategy is anything but traditional—flexible capital, deep sector expertise, and a relentless drive to elevate every business they touch.","Onların portfeli oyunun qaydalarını dəyişənlərin kim-kimi siyahısını xatırladır, strategiyaları isə ənənəvi deyil—fleksibl kapital, dərin sektor məlumatlılığı və toxunduqları hər işi yüksəltmək üçün dayanıqlı səy."
az,about_mission,"If you’re building the future, Vitruvian is the kind of partner that doesn’t just get it—they accelerate it.","""Əgər gələcəyi qurursunuzsa, Vitruvian sadəcə başa düşmür, həm də sürətləndirir."""
ka,about_intro,"Vitruvian Partners is where bold ambition meets sharp execution. Known for backing transformative growth companies across Europe and beyond, Vitruvian isn’t just a private equity firm—it’s a catalyst for scale, innovation, and category leadership.","""Vitruvian Partners არის ადგილი, სადაც გამამახინჯებელი ამბიცია შეხვდება წარმატებულ შესრულებას. ცნობილია როგორც ევროპისა და მიღმა ტრანსფორმაციული ზრდის კომპანიების მხარდამჭერი, Vitruvian არ არის მხოლოდ პრივატული საკაპიტალო ფირმა—ის არის მასშტაბის, ინოვაციისა და კატეგორიული ლიდერობის კატალიზატორი."""
ka,about_strategy,"Their portfolio reads like a who's-who of game-changers, and their strategy is anything but traditional—flexible capital, deep sector expertise, and a relentless drive to elevate every business they touch.","მათი პორტფოლიო ჰგავს თამაშის შემცვლელთა სიას, ხოლო მათი სტრატეგია არაფერია ტრადიციული — გამორთული კაპიტალი, ღრმა სექტორული ექსპერტიზი და უარყოფითი ძალა ყოველ ბიზნესზე, რომელსაც შეეხებიან."
ka,about_mission,"If you’re building the future, Vitruvian is the kind of partner that doesn’t just get it—they accelerate it.","თუ ამართლებთ მომავალს, Vitruvian არის ის პარტნიორი, რომელიც არ მხოლოდ გესმით—ის აჩქარებს მას."
bs,about_intro,"Vitruvian Partners is where bold ambition meets sharp execution. Known for backing transformative growth companies across Europe and beyond, Vitruvian isn’t just a private equity firm—it’s a catalyst for scale, innovation, and category leadership.","Vitruvian Partners je mjesto gdje se hrabra ambicija susreće s preciznom izvedbom. Poznati po podršci transformacijskim kompanijama u rastu širom Europe i dalje, Vitruvian nije samo firma za privatni kapital - to je katalizator za rast, inovaciju i vodstvo u kategoriji."
bs,about_strategy,"Their portfolio reads like a who's-who of game-changers, and their strategy is anything but traditional—flexible capital, deep sector expertise, and a relentless drive to elevate every business they touch.","""Njihov portfelj je popis ključnih inovatora, a njihova strategija je sve osim tradicionalne—fleksibilni kapital, duboko poznavanje sektora i neprekidna težnja za unapređenjem svakog posla s kojim se upuste."""
bs,about_mission,"If you’re building the future, Vitruvian is the kind of partner that doesn’t just get it—they accelerate it.","""Ako gradite budućnost, Vitruvian je partner koji ne samo da razumije—on je ubrzava."""
